Period,Transaction cost (%),Ticker,Category,Universe,Drop threshold (%),Holding period,Number of big drop days,Average return after costs (%),Benchmark average return (%),Edge vs benchmark after costs (%),Win rate after costs (%),Best return after costs (%),Worst return after costs (%),Average winning trade after costs (%),Average losing trade after costs (%),Risk-adjusted score after costs
2015-2019,0.0,QQQ,Broad Index,Core,-2.5,5,33,1.92,0.34,1.58,72.73,7.98,-2.57,3.03,-1.04,1.525
2015-2019,0.0,XLK,Sector,Core,-2.5,5,30,1.88,0.38,1.5,73.33,8.5,-4.44,3.08,-1.44,1.042
2015-2019,0.0,SPY,Broad Index,Core,-2.0,5,30,1.45,0.24,1.21,70.0,6.76,-5.06,2.69,-1.45,0.832
2015-2019,0.0,SMH,Semiconductors,Expanded Addition,-3.0,5,33,1.65,0.47,1.18,60.61,9.9,-3.89,3.79,-1.65,0.711
2015-2019,0.0,XLK,Sector,Core,-2.5,3,30,1.17,0.23,0.94,60.0,6.63,-2.69,2.88,-1.4,0.672
2015-2019,0.0,XLY,Sector,Expanded Addition,-2.0,5,38,1.38,0.28,1.1,71.05,7.05,-7.41,2.75,-1.98,0.558
2015-2019,0.0,SMH,Semiconductors,Expanded Addition,-3.0,1,33,0.78,0.09,0.68,60.61,4.66,-3.08,2.1,-1.27,0.538
2015-2019,0.0,XLF,Sector,Core,-2.5,5,27,1.26,0.24,1.02,70.37,6.85,-5.01,2.6,-1.93,0.527
2015-2019,0.0,IGV,Software,Expanded Addition,-3.0,5,29,2.12,0.42,1.71,75.86,9.67,-9.21,3.89,-3.44,0.497
2015-2019,0.0,XLB,Sector,Expanded Addition,-2.5,5,25,1.32,0.17,1.15,60.0,8.96,-7.38,3.83,-2.46,0.467
2015-2019,0.0,XLB,Sector,Expanded Addition,-2.0,5,43,1.14,0.17,0.97,58.14,8.96,-7.38,3.51,-2.16,0.451
2015-2019,0.0,XLK,Sector,Core,-2.0,5,50,1.33,0.38,0.95,70.0,8.5,-8.43,2.89,-2.3,0.413
2015-2019,0.0,QQQ,Broad Index,Core,-2.5,3,33,1.02,0.2,0.82,66.67,7.29,-8.4,2.52,-1.98,0.412
2015-2019,0.0,XLI,Sector,Expanded Addition,-2.0,5,38,0.94,0.22,0.72,60.53,8.24,-5.36,2.7,-1.76,0.409
2015-2019,0.0,SLV,Commodities,Expanded Addition,-2.5,1,36,0.38,0.02,0.37,61.11,2.68,-3.1,1.21,-0.92,0.402
2015-2019,0.0,XLY,Sector,Expanded Addition,-2.0,3,38,0.84,0.17,0.67,60.53,6.81,-7.45,2.51,-1.73,0.388
2015-2019,0.0,SPY,Broad Index,Core,-2.0,3,30,0.84,0.14,0.7,60.0,5.72,-8.19,2.61,-1.81,0.384
2015-2019,0.0,XLK,Sector,Core,-2.0,3,50,0.89,0.23,0.66,60.0,6.63,-8.34,2.63,-1.72,0.384
2015-2019,0.0,SPY,Broad Index,Core,-1.5,5,56,0.99,0.24,0.75,67.86,6.76,-7.7,2.39,-1.99,0.376
2015-2019,0.0,XLV,Sector,Core,-2.0,5,38,0.96,0.21,0.75,68.42,6.5,-6.64,2.33,-2.01,0.371
2015-2019,0.0,XLF,Sector,Core,-2.5,3,27,0.84,0.15,0.69,59.26,7.32,-4.62,2.71,-1.89,0.367
2015-2019,0.0,XLE,Sector,Core,-3.0,5,30,1.29,0.02,1.27,60.0,10.55,-7.99,4.52,-3.56,0.357
2015-2019,0.0,XLI,Sector,Expanded Addition,-2.0,3,38,0.72,0.13,0.59,60.53,6.07,-7.45,2.28,-1.67,0.354
2015-2019,0.0,IGV,Software,Expanded Addition,-3.0,3,29,1.22,0.25,0.97,65.52,8.36,-8.59,3.36,-2.83,0.343
2015-2019,0.0,XLF,Sector,Core,-2.0,5,48,0.97,0.24,0.73,64.58,7.66,-5.72,2.69,-2.17,0.336
2015-2019,0.0,SPY,Broad Index,Core,-1.5,3,56,0.73,0.14,0.58,64.29,5.72,-8.19,2.12,-1.77,0.329
2015-2019,0.0,QQQ,Broad Index,Core,-2.0,5,54,1.04,0.34,0.7,62.96,7.98,-8.59,2.92,-2.15,0.324
2015-2019,0.0,XLK,Sector,Core,-1.5,5,93,1.1,0.38,0.72,67.74,8.98,-8.43,2.71,-2.28,0.315
2015-2019,0.0,DIA,Broad Index,Core,-2.0,5,30,1.03,0.25,0.77,70.0,7.0,-7.5,2.52,-2.46,0.313
2015-2019,0.0,QQQ,Broad Index,Core,-1.5,5,88,0.98,0.34,0.64,62.5,7.98,-8.59,2.82,-2.08,0.309
2015-2019,0.0,XLF,Sector,Core,-1.5,5,84,0.92,0.24,0.67,66.67,7.66,-5.97,2.5,-2.26,0.299
2015-2019,0.0,SOXX,Semiconductors,Expanded Addition,-3.0,1,37,0.6,0.1,0.5,64.86,4.51,-4.06,1.82,-1.67,0.298
2015-2019,0.0,SOXX,Semiconductors,Expanded Addition,-3.0,5,37,1.29,0.48,0.81,62.16,9.66,-6.16,3.76,-2.78,0.29
2015-2019,0.0,IGV,Software,Expanded Addition,-2.5,5,43,1.33,0.42,0.92,67.44,9.67,-9.21,3.56,-3.28,0.279
2015-2019,0.0,XLY,Sector,Expanded Addition,-1.5,3,65,0.66,0.17,0.49,58.46,6.81,-7.45,2.42,-1.82,0.272
2015-2019,0.0,XLE,Sector,Core,-3.0,3,30,0.85,0.01,0.84,66.67,6.99,-6.32,2.86,-3.18,0.264
2015-2019,0.0,DIA,Broad Index,Core,-1.5,5,58,0.79,0.25,0.54,67.24,7.0,-7.5,2.18,-2.05,0.263
2015-2019,0.0,IGV,Software,Expanded Addition,-1.5,5,114,1.05,0.42,0.63,66.67,9.67,-9.21,2.77,-2.41,0.261
2015-2019,0.0,XLK,Sector,Core,-1.0,5,144,0.92,0.38,0.54,65.28,8.98,-8.43,2.54,-2.11,0.257
2015-2019,0.0,SOXX,Semiconductors,Expanded Addition,-2.5,5,59,1.11,0.48,0.63,57.63,9.66,-6.16,3.74,-2.47,0.255
2015-2019,0.0,XLU,Sector,Expanded Addition,-2.0,3,29,0.37,0.13,0.24,62.07,2.66,-2.87,1.18,-0.96,0.252
2015-2019,0.0,XLY,Sector,Expanded Addition,-1.5,5,65,0.86,0.28,0.58,66.15,8.46,-8.02,2.49,-2.33,0.248
2015-2019,0.0,QQQ,Broad Index,Core,-1.5,3,88,0.65,0.2,0.44,57.95,7.29,-8.4,2.47,-1.86,0.238
2015-2019,0.0,SLV,Commodities,Expanded Addition,-2.0,1,65,0.23,0.02,0.21,58.46,2.73,-3.1,1.03,-0.9,0.238
2015-2019,0.0,XLK,Sector,Core,-1.5,3,93,0.71,0.23,0.48,62.37,6.63,-8.34,2.37,-2.04,0.237
2015-2019,0.0,QQQ,Broad Index,Core,-1.0,5,148,0.84,0.34,0.5,66.22,7.98,-8.59,2.36,-2.15,0.232
2015-2019,0.0,XLF,Sector,Core,-1.5,3,84,0.6,0.15,0.45,61.9,7.32,-8.93,2.18,-1.97,0.23
2015-2019,0.0,XLI,Sector,Expanded Addition,-1.5,5,73,0.68,0.22,0.46,58.9,8.24,-7.94,2.55,-2.0,0.23
2015-2019,0.0,XLB,Sector,Expanded Addition,-2.0,3,43,0.61,0.1,0.51,60.47,6.6,-5.34,2.48,-2.24,0.23
2015-2019,0.0,XLF,Sector,Core,-1.0,5,148,0.7,0.24,0.46,64.19,7.66,-5.97,2.24,-2.06,0.223
2015-2019,0.0,IGV,Software,Expanded Addition,-2.0,5,66,1.09,0.42,0.68,66.67,9.67,-9.21,3.22,-3.16,0.214
2015-2019,0.0,QQQ,Broad Index,Core,-2.0,3,54,0.73,0.2,0.52,62.96,7.29,-8.4,2.61,-2.48,0.211
2015-2019,0.0,XLP,Sector,Expanded Addition,-1.5,5,41,0.58,0.17,0.41,68.29,3.59,-7.63,1.8,-2.03,0.204
2015-2019,0.0,DIA,Broad Index,Core,-1.0,5,111,0.65,0.25,0.4,65.77,7.0,-7.5,2.04,-2.02,0.198
2015-2019,0.0,XLF,Sector,Core,-2.0,3,48,0.62,0.15,0.47,62.5,7.32,-8.93,2.42,-2.39,0.198
2015-2019,0.0,SOXX,Semiconductors,Expanded Addition,-2.0,5,86,0.97,0.48,0.49,60.47,9.66,-6.16,3.22,-2.48,0.195
2015-2019,0.0,SMH,Semiconductors,Expanded Addition,-3.0,3,33,0.74,0.28,0.46,57.58,6.7,-5.09,3.08,-2.43,0.189
2015-2019,0.0,XLV,Sector,Core,-1.5,5,69,0.64,0.21,0.43,66.67,6.5,-7.02,2.11,-2.3,0.187
2015-2019,0.0,SPY,Broad Index,Core,-1.0,5,104,0.64,0.24,0.4,66.35,6.76,-7.7,2.07,-2.17,0.184
2015-2019,0.0,DIA,Broad Index,Core,-1.5,3,58,0.52,0.15,0.37,63.79,5.68,-7.77,1.96,-2.02,0.183
2015-2019,0.0,XLI,Sector,Expanded Addition,-1.5,3,73,0.49,0.13,0.36,58.9,6.07,-7.45,2.18,-1.95,0.183
2015-2019,0.0,XLI,Sector,Expanded Addition,-1.0,5,141,0.53,0.22,0.32,60.28,8.24,-7.94,2.04,-1.75,0.18
2015-2019,0.0,XLP,Sector,Expanded Addition,-1.0,5,95,0.46,0.17,0.29,64.21,5.43,-7.63,1.63,-1.64,0.178
2015-2019,0.0,XLV,Sector,Core,-2.0,3,38,0.54,0.13,0.41,63.16,5.64,-8.11,2.2,-2.32,0.177
2015-2019,0.0,QQQ,Broad Index,Core,-2.0,1,54,0.29,0.07,0.23,55.56,6.24,-4.37,1.56,-1.29,0.176
2015-2019,0.0,XLK,Sector,Core,-2.5,1,30,0.38,0.08,0.31,56.67,6.04,-4.18,2.03,-1.76,0.175
2015-2019,0.0,IGV,Software,Expanded Addition,-2.5,3,43,0.72,0.25,0.47,60.47,8.36,-8.59,2.94,-2.68,0.174
2015-2019,0.0,SPY,Broad Index,Core,-1.0,3,104,0.47,0.14,0.32,62.5,6.41,-8.19,1.87,-1.87,0.173
2015-2019,0.0,XLB,Sector,Expanded Addition,-2.5,3,25,0.47,0.1,0.37,56.0,5.83,-5.34,2.54,-2.16,0.172
2015-2019,0.0,XLV,Sector,Core,-1.0,5,145,0.56,0.21,0.35,66.9,6.5,-8.12,1.88,-2.1,0.168
2015-2019,0.0,IGV,Software,Expanded Addition,-2.0,3,66,0.63,0.25,0.38,57.58,8.36,-8.59,2.8,-2.3,0.167
2015-2019,0.0,QQQ,Broad Index,Core,-1.0,3,148,0.47,0.2,0.27,55.41,7.29,-8.4,2.14,-1.61,0.165
2015-2019,0.0,IGV,Software,Expanded Addition,-1.0,5,184,0.77,0.42,0.35,63.04,9.67,-9.21,2.57,-2.35,0.15
2015-2019,0.0,DIA,Broad Index,Core,-1.0,3,111,0.4,0.15,0.24,60.36,6.29,-7.77,1.77,-1.69,0.143
2015-2019,0.0,XLF,Sector,Core,-1.0,3,148,0.4,0.15,0.25,56.76,7.32,-8.93,2.03,-1.75,0.143
2015-2019,0.0,QQQ,Broad Index,Core,-1.5,1,88,0.23,0.07,0.16,55.68,6.24,-4.37,1.34,-1.16,0.142
2015-2019,0.0,XLB,Sector,Expanded Addition,-1.5,3,83,0.4,0.1,0.3,60.24,7.05,-8.0,2.04,-2.1,0.142
2015-2019,0.0,SLV,Commodities,Expanded Addition,-1.5,1,111,0.15,0.02,0.13,60.36,2.73,-5.2,0.87,-0.95,0.14
2015-2019,0.0,GLD,Commodities,Expanded Addition,-1.0,1,100,0.1,0.02,0.07,56.0,2.4,-2.72,0.59,-0.53,0.139
2015-2019,0.0,SMH,Semiconductors,Expanded Addition,-2.0,5,84,0.81,0.47,0.34,58.33,9.9,-8.79,3.19,-2.52,0.135
2015-2019,0.0,XLF,Sector,Core,-1.5,1,84,0.24,0.05,0.19,66.67,4.53,-5.04,1.08,-1.44,0.134
2015-2019,0.0,XLY,Sector,Expanded Addition,-1.0,5,127,0.54,0.28,0.26,61.42,8.46,-8.02,2.14,-1.99,0.133
2015-2019,0.0,IGV,Software,Expanded Addition,-1.5,3,114,0.5,0.25,0.25,56.14,8.36,-8.59,2.37,-1.89,0.131
2015-2019,0.0,USO,Commodities,Expanded Addition,-3.0,1,93,0.26,-0.01,0.27,59.14,8.98,-6.32,1.85,-2.05,0.131
2015-2019,0.0,XLK,Sector,Core,-1.0,3,144,0.47,0.23,0.25,58.33,6.63,-8.34,2.19,-1.92,0.128
2015-2019,0.0,SMH,Semiconductors,Expanded Addition,-2.5,1,56,0.31,0.09,0.22,55.36,5.62,-4.51,1.93,-1.7,0.127
2015-2019,0.0,USO,Commodities,Expanded Addition,-2.5,1,151,0.23,-0.01,0.24,57.62,8.98,-6.32,1.79,-1.9,0.125
2015-2019,0.0,XLP,Sector,Expanded Addition,-1.0,3,95,0.28,0.1,0.17,62.11,3.78,-4.4,1.32,-1.43,0.122
2015-2019,0.0,XLF,Sector,Core,-1.0,1,148,0.2,0.05,0.15,63.51,4.53,-5.04,1.03,-1.26,0.119
2015-2019,0.0,XLY,Sector,Expanded Addition,-1.0,3,127,0.35,0.17,0.18,55.91,6.81,-7.45,1.84,-1.54,0.116
2015-2019,0.0,XLK,Sector,Core,-2.0,1,50,0.25,0.08,0.17,58.0,6.04,-4.18,1.56,-1.56,0.111
2015-2019,0.0,XLF,Sector,Core,-2.5,1,27,0.25,0.05,0.2,62.96,4.22,-4.27,1.46,-1.82,0.109
2015-2019,0.0,SOXX,Semiconductors,Expanded Addition,-1.0,5,233,0.78,0.48,0.3,61.37,9.66,-10.21,3.03,-2.8,0.107
2015-2019,0.0,XLP,Sector,Expanded Addition,-1.5,3,41,0.3,0.1,0.19,63.41,3.78,-4.4,1.52,-1.83,0.104
2015-2019,0.0,SMH,Semiconductors,Expanded Addition,-1.0,5,238,0.75,0.47,0.28,60.5,9.9,-8.93,3.0,-2.71,0.102
2015-2019,0.0,XLY,Sector,Expanded Addition,-1.0,1,127,0.16,0.05,0.1,59.06,5.93,-3.99,0.98,-1.03,0.101
2015-2019,0.0,IWM,Broad Index,Core,-2.0,5,40,0.42,0.19,0.23,60.0,5.06,-8.13,2.26,-2.34,0.098
2015-2019,0.0,XLV,Sector,Core,-1.0,3,145,0.29,0.13,0.16,57.93,5.65,-8.11,1.71,-1.66,0.098
2015-2019,0.0,XLV,Sector,Core,-1.5,3,69,0.31,0.13,0.18,57.97,5.64,-8.11,1.9,-1.88,0.098
2015-2019,0.0,XLB,Sector,Expanded Addition,-1.5,1,83,0.17,0.03,0.14,63.86,4.48,-4.19,1.06,-1.41,0.096
2015-2019,0.0,XLI,Sector,Expanded Addition,-1.0,3,141,0.29,0.13,0.16,57.45,6.07,-7.45,1.73,-1.66,0.095
2015-2019,0.0,XLE,Sector,Core,-1.0,3,241,0.21,0.01,0.2,56.85,11.03,-10.74,2.01,-2.15,0.094
2015-2019,0.0,DIA,Broad Index,Core,-2.0,1,30,0.23,0.05,0.18,66.67,4.86,-4.57,1.33,-1.99,0.089
2015-2019,0.0,XLK,Sector,Core,-1.0,1,144,0.18,0.08,0.11,57.64,6.04,-4.18,1.25,-1.27,0.086
2015-2019,0.0,IGV,Software,Expanded Addition,-1.0,3,184,0.4,0.25,0.15,56.52,8.36,-8.59,2.06,-1.78,0.086
2015-2019,0.0,IWM,Broad Index,Core,-1.5,5,87,0.41,0.19,0.22,60.92,8.61,-8.4,2.37,-2.64,0.084
2015-2019,0.0,XLU,Sector,Expanded Addition,-1.0,3,135,0.25,0.13,0.12,60.0,4.3,-5.04,1.35,-1.41,0.084
2015-2019,0.0,IWM,Broad Index,Core,-1.5,3,87,0.28,0.11,0.17,60.92,7.17,-6.06,1.8,-2.08,0.081
2015-2019,0.0,IGV,Software,Expanded Addition,-1.0,1,184,0.18,0.08,0.1,62.5,6.51,-4.52,1.06,-1.29,0.078
2015-2019,0.0,XLV,Sector,Core,-1.0,1,145,0.13,0.04,0.09,57.24,4.36,-4.43,1.07,-1.13,0.076
2015-2019,0.0,SOXX,Semiconductors,Expanded Addition,-1.5,5,146,0.68,0.48,0.19,56.85,9.66,-10.21,3.11,-2.53,0.076
2015-2019,0.0,SOXX,Semiconductors,Expanded Addition,-2.5,1,59,0.22,0.1,0.13,57.63,6.0,-4.71,1.64,-1.7,0.076
2015-2019,0.0,IGV,Software,Expanded Addition,-3.0,1,29,0.21,0.08,0.13,58.62,4.59,-4.52,1.61,-1.77,0.073
2015-2019,0.0,SPY,Broad Index,Core,-2.0,1,30,0.21,0.05,0.16,66.67,5.05,-4.21,1.44,-2.26,0.071
2015-2019,0.0,DIA,Broad Index,Core,-1.0,1,111,0.14,0.05,0.09,63.06,4.86,-4.57,0.97,-1.28,0.07
2015-2019,0.0,QQQ,Broad Index,Core,-1.0,1,148,0.14,0.07,0.08,55.41,6.24,-4.37,1.2,-1.17,0.066
2015-2019,0.0,XLF,Sector,Core,-2.0,1,48,0.16,0.05,0.11,62.5,4.53,-5.04,1.31,-1.76,0.064
2015-2019,0.0,DIA,Broad Index,Core,-1.5,1,58,0.15,0.05,0.1,65.52,4.86,-4.57,1.11,-1.66,0.063
2015-2019,0.0,XLV,Sector,Core,-2.0,1,38,0.15,0.04,0.11,57.89,4.36,-4.25,1.53,-1.74,0.063
2015-2019,0.0,IGV,Software,Expanded Addition,-1.5,1,114,0.16,0.08,0.08,59.65,6.51,-4.52,1.17,-1.33,0.059
2015-2019,0.0,SPY,Broad Index,Core,-1.0,1,104,0.12,0.05,0.07,60.58,5.05,-4.21,1.0,-1.23,0.058
2015-2019,0.0,SMH,Semiconductors,Expanded Addition,-1.0,3,238,0.4,0.28,0.12,55.88,10.51,-7.52,2.46,-2.21,0.055
2015-2019,0.0,IGV,Software,Expanded Addition,-2.0,1,66,0.16,0.08,0.08,56.06,6.51,-4.52,1.42,-1.44,0.055
2015-2019,0.0,XLE,Sector,Core,-3.0,1,30,0.11,0.0,0.1,60.0,6.22,-5.37,1.59,-2.12,0.05
2015-2019,0.0,XLI,Sector,Expanded Addition,-2.0,1,38,0.13,0.04,0.08,63.16,4.66,-4.54,1.19,-1.69,0.05
2015-2019,0.0,XLB,Sector,Expanded Addition,-1.0,5,173,0.27,0.17,0.11,57.23,9.06,-8.22,2.1,-2.17,0.05
2015-2019,0.0,SOXX,Semiconductors,Expanded Addition,-1.0,3,233,0.39,0.29,0.1,55.79,10.43,-7.59,2.49,-2.25,0.046
2015-2019,0.0,XLE,Sector,Core,-2.5,3,44,0.16,0.01,0.15,59.09,6.99,-10.74,2.54,-3.28,0.045
2015-2019,0.0,SOXX,Semiconductors,Expanded Addition,-2.0,1,86,0.16,0.1,0.07,55.81,6.0,-4.71,1.51,-1.54,0.043
2015-2019,0.0,XLK,Sector,Core,-1.5,1,93,0.13,0.08,0.06,55.91,6.04,-4.18,1.33,-1.4,0.04
2015-2019,0.0,SMH,Semiconductors,Expanded Addition,-1.5,5,141,0.58,0.47,0.11,56.03,9.9,-8.93,3.19,-2.74,0.04
2015-2019,0.0,XLE,Sector,Core,-1.5,3,136,0.11,0.01,0.1,58.09,6.99,-10.74,2.0,-2.52,0.038
2015-2019,0.0,IWM,Broad Index,Core,-2.0,1,40,0.08,0.04,0.04,57.5,2.19,-3.28,1.04,-1.22,0.035
2015-2019,0.0,SPY,Broad Index,Core,-1.5,1,56,0.1,0.05,0.05,57.14,5.05,-4.21,1.24,-1.43,0.034
2015-2019,0.0,IWM,Broad Index,Core,-1.0,5,166,0.26,0.19,0.07,58.43,8.61,-8.4,2.21,-2.49,0.026
2015-2019,0.0,XLB,Sector,Expanded Addition,-2.0,1,43,0.05,0.03,0.02,60.47,4.48,-4.19,1.27,-1.8,0.012
2015-2019,0.0,XLV,Sector,Core,-1.5,1,69,0.05,0.04,0.01,55.07,4.36,-4.25,1.21,-1.37,0.005
2015-2019,0.0,IWM,Broad Index,Core,-2.0,3,40,0.12,0.11,0.01,60.0,5.79,-6.06,1.77,-2.34,0.004
2015-2019,0.1,QQQ,Broad Index,Core,-2.5,5,33,1.82,0.34,1.48,72.73,7.88,-2.67,2.93,-1.14,1.303
2015-2019,0.1,XLK,Sector,Core,-2.5,5,30,1.78,0.38,1.4,70.0,8.4,-4.54,3.13,-1.37,1.021
2015-2019,0.1,SPY,Broad Index,Core,-2.0,5,30,1.35,0.24,1.11,70.0,6.66,-5.16,2.59,-1.55,0.714
2015-2019,0.1,SMH,Semiconductors,Expanded Addition,-3.0,5,33,1.55,0.47,1.08,60.61,9.8,-3.99,3.69,-1.75,0.614
2015-2019,0.1,XLK,Sector,Core,-2.5,3,30,1.07,0.23,0.84,60.0,6.53,-2.79,2.78,-1.5,0.56
2015-2019,0.1,IGV,Software,Expanded Addition,-3.0,5,29,2.02,0.42,1.61,72.41,9.57,-9.31,3.98,-3.1,0.519
2015-2019,0.1,XLY,Sector,Expanded Addition,-2.0,5,38,1.28,0.28,1.0,71.05,6.95,-7.51,2.65,-2.08,0.483
2015-2019,0.1,XLF,Sector,Core,-2.5,5,27,1.16,0.24,0.92,70.37,6.75,-5.11,2.5,-2.03,0.452
2015-2019,0.1,SMH,Semiconductors,Expanded Addition,-3.0,1,33,0.68,0.09,0.58,60.61,4.56,-3.18,2.0,-1.37,0.425
2015-2019,0.1,XLB,Sector,Expanded Addition,-2.5,5,25,1.22,0.17,1.05,60.0,8.86,-7.48,3.73,-2.56,0.41
2015-2019,0.1,XLB,Sector,Expanded Addition,-2.0,5,43,1.04,0.17,0.87,58.14,8.86,-7.48,3.41,-2.26,0.387
2015-2019,0.1,XLK,Sector,Core,-2.0,5,50,1.23,0.38,0.85,68.0,8.4,-8.53,2.87,-2.25,0.378
2015-2019,0.1,QQQ,Broad Index,Core,-2.5,3,33,0.92,0.2,0.72,63.64,7.19,-8.5,2.54,-1.92,0.374
2015-2019,0.1,XLI,Sector,Expanded Addition,-2.0,5,38,0.84,0.22,0.62,57.89,8.14,-5.46,2.72,-1.74,0.355
2015-2019,0.1,XLV,Sector,Core,-2.0,5,38,0.86,0.21,0.65,65.79,6.4,-6.74,2.32,-1.95,0.331
2015-2019,0.1,IGV,Software,Expanded Addition,-3.0,3,29,1.12,0.25,0.87,62.07,8.26,-8.69,3.44,-2.68,0.326
2015-2019,0.1,XLE,Sector,Core,-3.0,5,30,1.19,0.02,1.17,60.0,10.45,-8.09,4.42,-3.66,0.32
2015-2019,0.1,XLY,Sector,Expanded Addition,-2.0,3,38,0.74,0.17,0.57,60.53,6.71,-7.55,2.41,-1.83,0.312
2015-2019,0.1,SPY,Broad Index,Core,-2.0,3,30,0.74,0.14,0.6,60.0,5.62,-8.29,2.51,-1.91,0.311
2015-2019,0.1,SPY,Broad Index,Core,-1.5,5,56,0.89,0.24,0.65,67.86,6.66,-7.8,2.29,-2.09,0.31
2015-2019,0.1,XLK,Sector,Core,-2.0,3,50,0.79,0.23,0.56,60.0,6.53,-8.44,2.53,-1.82,0.308
2015-2019,0.1,XLF,Sector,Core,-2.5,3,27,0.74,0.15,0.59,59.26,7.22,-4.72,2.61,-1.99,0.299
2015-2019,0.1,XLI,Sector,Expanded Addition,-2.0,3,38,0.62,0.13,0.49,60.53,5.97,-7.55,2.18,-1.77,0.278
2015-2019,0.1,XLF,Sector,Core,-2.0,5,48,0.87,0.24,0.63,64.58,7.56,-5.82,2.59,-2.27,0.277
2015-2019,0.1,SPY,Broad Index,Core,-1.5,3,56,0.63,0.14,0.48,62.5,5.62,-8.29,2.08,-1.79,0.271
2015-2019,0.1,XLK,Sector,Core,-1.5,5,93,1.0,0.38,0.62,66.67,8.88,-8.53,2.65,-2.31,0.268
2015-2019,0.1,QQQ,Broad Index,Core,-2.0,5,54,0.94,0.34,0.6,62.96,7.88,-8.69,2.82,-2.25,0.266
2015-2019,0.1,SLV,Commodities,Expanded Addition,-2.5,1,36,0.28,0.02,0.27,61.11,2.58,-3.2,1.11,-1.02,0.264
2015-2019,0.1,SOXX,Semiconductors,Expanded Addition,-3.0,5,37,1.19,0.48,0.71,59.46,9.56,-6.26,3.83,-2.69,0.263
2015-2019,0.1,DIA,Broad Index,Core,-2.0,5,30,0.93,0.25,0.67,70.0,6.9,-7.6,2.42,-2.56,0.262
2015-2019,0.1,IGV,Software,Expanded Addition,-2.5,5,43,1.23,0.42,0.82,65.12,9.57,-9.31,3.58,-3.16,0.258
2015-2019,0.1,XLF,Sector,Core,-1.5,5,84,0.82,0.24,0.57,65.48,7.56,-6.07,2.45,-2.28,0.252
2015-2019,0.1,QQQ,Broad Index,Core,-1.5,5,88,0.88,0.34,0.54,62.5,7.88,-8.69,2.72,-2.18,0.249
2015-2019,0.1,XLE,Sector,Core,-3.0,3,30,0.75,0.01,0.74,66.67,6.89,-6.42,2.76,-3.28,0.226
2015-2019,0.1,SOXX,Semiconductors,Expanded Addition,-3.0,1,37,0.5,0.1,0.4,64.86,4.41,-4.16,1.72,-1.77,0.225
2015-2019,0.1,IGV,Software,Expanded Addition,-1.5,5,114,0.95,0.42,0.53,65.79,9.57,-9.31,2.71,-2.45,0.216
2015-2019,0.1,SOXX,Semiconductors,Expanded Addition,-2.5,5,59,1.01,0.48,0.53,55.93,9.56,-6.26,3.75,-2.47,0.214
2015-2019,0.1,XLY,Sector,Expanded Addition,-1.5,3,65,0.56,0.17,0.39,58.46,6.71,-7.55,2.32,-1.92,0.206
2015-2019,0.1,XLY,Sector,Expanded Addition,-1.5,5,65,0.76,0.28,0.48,64.62,8.36,-8.12,2.44,-2.33,0.206
2015-2019,0.1,DIA,Broad Index,Core,-1.5,5,58,0.69,0.25,0.44,67.24,6.9,-7.6,2.08,-2.15,0.204
2015-2019,0.1,XLK,Sector,Core,-1.0,5,144,0.82,0.38,0.44,64.58,8.88,-8.53,2.47,-2.17,0.204
2015-2019,0.1,XLK,Sector,Core,-1.5,3,93,0.61,0.23,0.38,60.22,6.53,-8.44,2.36,-2.02,0.189
2015-2019,0.1,XLB,Sector,Expanded Addition,-2.0,3,43,0.51,0.1,0.41,58.14,6.5,-5.44,2.48,-2.21,0.187
2015-2019,0.1,IGV,Software,Expanded Addition,-2.0,5,66,0.99,0.42,0.58,65.15,9.57,-9.31,3.19,-3.12,0.185
2015-2019,0.1,QQQ,Broad Index,Core,-1.0,5,148,0.74,0.34,0.4,64.86,7.88,-8.69,2.31,-2.16,0.184
2015-2019,0.1,QQQ,Broad Index,Core,-1.5,3,88,0.55,0.2,0.34,55.68,7.19,-8.5,2.47,-1.86,0.184
2015-2019,0.1,QQQ,Broad Index,Core,-2.0,3,54,0.63,0.2,0.42,59.26,7.19,-8.5,2.67,-2.35,0.18
2015-2019,0.1,XLI,Sector,Expanded Addition,-1.5,5,73,0.58,0.22,0.36,57.53,8.14,-8.04,2.51,-2.04,0.177
2015-2019,0.1,XLF,Sector,Core,-1.5,3,84,0.5,0.15,0.35,61.9,7.22,-9.03,2.08,-2.07,0.171
2015-2019,0.1,XLF,Sector,Core,-1.0,5,148,0.6,0.24,0.36,63.51,7.56,-6.07,2.17,-2.12,0.169
2015-2019,0.1,SOXX,Semiconductors,Expanded Addition,-2.0,5,86,0.87,0.48,0.39,58.14,9.56,-6.26,3.25,-2.44,0.158
2015-2019,0.1,XLF,Sector,Core,-2.0,3,48,0.52,0.15,0.37,62.5,7.22,-9.03,2.32,-2.49,0.15
2015-2019,0.1,DIA,Broad Index,Core,-1.0,5,111,0.55,0.25,0.3,63.96,6.9,-7.6,2.0,-2.01,0.149
2015-2019,0.1,XLP,Sector,Expanded Addition,-1.5,5,41,0.48,0.17,0.31,68.29,3.49,-7.73,1.7,-2.13,0.148
2015-2019,0.1,XLV,Sector,Core,-1.5,5,69,0.54,0.21,0.33,65.22,6.4,-7.12,2.05,-2.3,0.143
2015-2019,0.1,SMH,Semiconductors,Expanded Addition,-3.0,3,33,0.64,0.28,0.36,57.58,6.6,-5.19,2.98,-2.53,0.142
2015-2019,0.1,IGV,Software,Expanded Addition,-2.5,3,43,0.62,0.25,0.37,58.14,8.26,-8.69,2.95,-2.63,0.139
2015-2019,0.1,XLV,Sector,Core,-2.0,3,38,0.44,0.13,0.31,60.53,5.54,-8.21,2.2,-2.26,0.137
2015-2019,0.1,XLU,Sector,Expanded Addition,-2.0,3,29,0.27,0.13,0.14,62.07,2.56,-2.97,1.08,-1.06,0.134
2015-2019,0.1,SPY,Broad Index,Core,-1.0,5,104,0.54,0.24,0.3,66.35,6.66,-7.8,1.97,-2.27,0.132
2015-2019,0.1,DIA,Broad Index,Core,-1.5,3,58,0.42,0.15,0.27,63.79,5.58,-7.87,1.86,-2.12,0.127
2015-2019,0.1,XLI,Sector,Expanded Addition,-1.5,3,73,0.39,0.13,0.26,58.9,5.97,-7.55,2.08,-2.05,0.125
2015-2019,0.1,XLI,Sector,Expanded Addition,-1.0,5,141,0.43,0.22,0.22,58.16,8.14,-8.04,2.01,-1.76,0.123
2015-2019,0.1,SPY,Broad Index,Core,-1.0,3,104,0.37,0.14,0.22,60.58,6.31,-8.29,1.83,-1.87,0.119
2015-2019,0.1,XLV,Sector,Core,-1.0,5,145,0.46,0.21,0.25,66.21,6.4,-8.22,1.8,-2.15,0.117
2015-2019,0.1,XLP,Sector,Expanded Addition,-1.0,5,95,0.36,0.17,0.19,63.16,5.33,-7.73,1.56,-1.69,0.114
2015-2019,0.1,SLV,Commodities,Expanded Addition,-2.0,1,65,0.13,0.02,0.11,58.46,2.63,-3.2,0.93,-1.0,0.114
2015-2019,0.1,IGV,Software,Expanded Addition,-1.0,5,184,0.67,0.42,0.25,61.96,9.57,-9.31,2.52,-2.38,0.106
2015-2019,0.1,XLB,Sector,Expanded Addition,-1.5,3,83,0.3,0.1,0.2,56.63,6.95,-8.1,2.07,-2.02,0.098
2015-2019,0.1,SMH,Semiconductors,Expanded Addition,-2.0,5,84,0.71,0.47,0.24,58.33,9.8,-8.89,3.09,-2.62,0.092
2015-2019,0.1,DIA,Broad Index,Core,-1.0,3,111,0.3,0.15,0.14,57.66,6.19,-7.87,1.74,-1.68,0.085
2015-2019,0.1,USO,Commodities,Expanded Addition,-3.0,1,93,0.16,-0.01,0.17,55.91,8.88,-6.42,1.86,-2.0,0.085
2015-2019,0.1,XLF,Sector,Core,-1.0,3,148,0.3,0.15,0.15,55.41,7.22,-9.03,1.98,-1.79,0.083
2015-2019,0.1,XLY,Sector,Expanded Addition,-1.0,5,127,0.44,0.28,0.16,60.63,8.36,-8.12,2.06,-2.05,0.08
2015-2019,0.1,XLK,Sector,Core,-1.0,3,144,0.37,0.23,0.15,56.94,6.53,-8.44,2.14,-1.96,0.074
2015-2019,0.1,USO,Commodities,Expanded Addition,-2.5,1,151,0.13,-0.01,0.14,55.63,8.88,-6.42,1.75,-1.91,0.072
2015-2019,0.1,SOXX,Semiconductors,Expanded Addition,-1.0,5,233,0.68,0.48,0.2,60.09,9.56,-10.31,3.0,-2.81,0.071
2015-2019,0.1,XLF,Sector,Core,-1.5,1,84,0.14,0.05,0.09,63.1,4.43,-5.14,1.04,-1.4,0.067
2015-2019,0.1,SMH,Semiconductors,Expanded Addition,-1.0,5,238,0.65,0.47,0.18,60.08,9.8,-9.03,2.92,-2.78,0.064
2015-2019,0.1,SMH,Semiconductors,Expanded Addition,-2.5,1,56,0.21,0.09,0.12,55.36,5.52,-4.61,1.83,-1.8,0.064
2015-2019,0.1,XLP,Sector,Expanded Addition,-1.5,3,41,0.2,0.1,0.09,56.1,3.68,-4.5,1.61,-1.61,0.057
2015-2019,0.1,IWM,Broad Index,Core,-2.0,5,40,0.32,0.19,0.13,57.5,4.96,-8.23,2.25,-2.3,0.056
2015-2019,0.1,XLF,Sector,Core,-2.5,1,27,0.15,0.05,0.1,59.26,4.12,-4.37,1.45,-1.75,0.056
2015-2019,0.1,XLP,Sector,Expanded Addition,-1.0,3,95,0.18,0.1,0.07,57.89,3.68,-4.5,1.31,-1.38,0.054
2015-2019,0.1,XLY,Sector,Expanded Addition,-1.0,3,127,0.25,0.17,0.08,55.12,6.71,-7.55,1.76,-1.61,0.049
2015-2019,0.1,XLE,Sector,Core,-1.0,3,241,0.11,0.01,0.1,55.19,10.93,-10.84,1.97,-2.17,0.048
2015-2019,0.1,IWM,Broad Index,Core,-1.5,5,87,0.31,0.19,0.12,59.77,8.51,-8.5,2.31,-2.66,0.046
2015-2019,0.1,XLV,Sector,Core,-1.5,3,69,0.21,0.13,0.08,55.07,5.54,-8.21,1.9,-1.85,0.046
2015-2019,0.1,DIA,Broad Index,Core,-2.0,1,30,0.13,0.05,0.08,63.33,4.76,-4.67,1.3,-1.9,0.041
2015-2019,0.1,XLF,Sector,Core,-1.0,1,148,0.1,0.05,0.05,58.78,4.43,-5.14,1.01,-1.2,0.041
2015-2019,0.1,XLV,Sector,Core,-1.0,3,145,0.19,0.13,0.06,55.86,5.55,-8.21,1.67,-1.68,0.037
2015-2019,0.1,IWM,Broad Index,Core,-1.5,3,87,0.18,0.11,0.07,58.62,7.07,-6.16,1.77,-2.06,0.034
2015-2019,0.1,SLV,Commodities,Expanded Addition,-1.5,1,111,0.05,0.02,0.03,59.46,2.63,-5.3,0.78,-1.03,0.032
2015-2019,0.1,SPY,Broad Index,Core,-2.0,1,30,0.11,0.05,0.06,63.33,4.95,-4.31,1.41,-2.15,0.028
2015-2019,0.1,XLB,Sector,Expanded Addition,-1.5,1,83,0.07,0.03,0.04,60.24,4.38,-4.29,1.02,-1.38,0.025
2015-2019,0.1,SOXX,Semiconductors,Expanded Addition,-2.5,1,59,0.12,0.1,0.03,57.63,5.9,-4.81,1.54,-1.8,0.016
2015-2019,0.1,IGV,Software,Expanded Addition,-3.0,1,29,0.11,0.08,0.03,58.62,4.49,-4.62,1.51,-1.87,0.015
2015-2019,0.1,XLE,Sector,Core,-2.5,3,44,0.06,0.01,0.05,59.09,6.89,-10.84,2.44,-3.38,0.014
2015-2019,0.1,XLU,Sector,Expanded Addition,-1.0,3,135,0.15,0.13,0.02,59.26,4.2,-5.14,1.26,-1.48,0.013
2015-2019,0.1,SMH,Semiconductors,Expanded Addition,-1.0,3,238,0.3,0.28,0.02,55.88,10.41,-7.62,2.36,-2.31,0.009
2015-2019,0.1,XLF,Sector,Core,-2.0,1,48,0.06,0.05,0.01,58.33,4.43,-5.14,1.29,-1.67,0.007
2015-2019,0.1,XLV,Sector,Core,-2.0,1,38,0.05,0.04,0.01,57.89,4.26,-4.35,1.43,-1.84,0.005
2015-2019,0.1,XLB,Sector,Expanded Addition,-1.0,5,173,0.17,0.17,0.01,56.65,8.96,-8.32,2.02,-2.24,0.004
2015-2019,0.1,SMH,Semiconductors,Expanded Addition,-1.5,5,141,0.48,0.47,0.01,56.03,9.8,-9.03,3.09,-2.84,0.004
2015-2019,0.25,QQQ,Broad Index,Core,-2.5,5,33,1.67,0.34,1.33,72.73,7.73,-2.82,2.78,-1.29,1.034
2015-2019,0.25,XLK,Sector,Core,-2.5,5,30,1.63,0.38,1.25,63.33,8.25,-4.69,3.3,-1.26,0.992
2015-2019,0.25,SPY,Broad Index,Core,-2.0,5,30,1.2,0.24,0.96,70.0,6.51,-5.31,2.44,-1.7,0.563
2015-2019,0.25,IGV,Software,Expanded Addition,-3.0,5,29,1.87,0.42,1.46,68.97,9.42,-9.46,4.02,-2.89,0.505
2015-2019,0.25,SMH,Semiconductors,Expanded Addition,-3.0,5,33,1.4,0.47,0.93,60.61,9.65,-4.14,3.54,-1.9,0.487
2015-2019,0.25,XLY,Sector,Expanded Addition,-2.0,5,38,1.13,0.28,0.85,68.42,6.8,-7.66,2.6,-2.05,0.417
2015-2019,0.25,XLF,Sector,Core,-2.5,5,27,1.01,0.24,0.77,70.37,6.6,-5.26,2.35,-2.18,0.352
2015-2019,0.25,XLB,Sector,Expanded Addition,-2.5,5,25,1.07,0.17,0.9,60.0,8.71,-7.63,3.58,-2.71,0.332
2015-2019,0.25,XLK,Sector,Core,-2.0,5,50,1.08,0.38,0.7,64.0,8.25,-8.68,2.9,-2.15,0.327
2015-2019,0.25,XLB,Sector,Expanded Addition,-2.0,5,43,0.89,0.17,0.72,58.14,8.71,-7.63,3.26,-2.41,0.3
2015-2019,0.25,SMH,Semiconductors,Expanded Addition,-3.0,1,33,0.53,0.09,0.43,60.61,4.41,-3.33,1.85,-1.52,0.285
2015-2019,0.25,QQQ,Broad Index,Core,-2.5,3,33,0.77,0.2,0.57,63.64,7.04,-8.65,2.39,-2.07,0.274
2015-2019,0.25,XLE,Sector,Core,-3.0,5,30,1.04,0.02,1.02,60.0,10.3,-8.24,4.27,-3.81,0.268
2015-2019,0.25,IGV,Software,Expanded Addition,-3.0,3,29,0.97,0.25,0.72,62.07,8.11,-8.84,3.29,-2.83,0.256
2015-2019,0.25,XLV,Sector,Core,-2.0,5,38,0.71,0.21,0.5,63.16,6.25,-6.89,2.26,-1.96,0.253
2015-2019,0.25,XLI,Sector,Expanded Addition,-2.0,5,38,0.69,0.22,0.47,57.89,7.99,-5.61,2.57,-1.89,0.248
2015-2019,0.25,XLY,Sector,Expanded Addition,-2.0,3,38,0.59,0.17,0.42,57.89,6.56,-7.7,2.37,-1.86,0.227
2015-2019,0.25,SPY,Broad Index,Core,-1.5,5,56,0.74,0.24,0.5,67.86,6.51,-7.95,2.14,-2.24,0.222
2015-2019,0.25,SPY,Broad Index,Core,-2.0,3,30,0.59,0.14,0.45,60.0,5.47,-8.44,2.36,-2.06,0.216
2015-2019,0.25,IGV,Software,Expanded Addition,-2.5,5,43,1.08,0.42,0.67,62.79,9.42,-9.46,3.56,-3.1,0.215
2015-2019,0.25,DIA,Broad Index,Core,-2.0,5,30,0.78,0.25,0.52,66.67,6.75,-7.75,2.38,-2.44,0.213
2015-2019,0.25,XLK,Sector,Core,-1.5,5,93,0.85,0.38,0.47,63.44,8.73,-8.68,2.63,-2.25,0.208
2015-2019,0.25,XLF,Sector,Core,-2.5,3,27,0.59,0.15,0.44,59.26,7.07,-4.87,2.46,-2.14,0.208
2015-2019,0.25,XLI,Sector,Expanded Addition,-2.0,3,38,0.47,0.13,0.34,55.26,5.82,-7.7,2.23,-1.7,0.201
2015-2019,0.25,XLF,Sector,Core,-2.0,5,48,0.72,0.24,0.48,64.58,7.41,-5.97,2.44,-2.42,0.198
2015-2019,0.25,SPY,Broad Index,Core,-1.5,3,56,0.48,0.14,0.33,57.14,5.47,-8.44,2.12,-1.71,0.196
2015-2019,0.25,QQQ,Broad Index,Core,-2.0,5,54,0.79,0.34,0.45,61.11,7.73,-8.84,2.75,-2.29,0.196
2015-2019,0.25,SOXX,Semiconductors,Expanded Addition,-3.0,5,37,1.04,0.48,0.56,59.46,9.41,-6.41,3.68,-2.84,0.196
2015-2019,0.25,QQQ,Broad Index,Core,-1.5,5,88,0.73,0.34,0.39,60.23,7.73,-8.84,2.67,-2.21,0.178
2015-2019,0.25,XLF,Sector,Core,-1.5,5,84,0.67,0.24,0.42,65.48,7.41,-6.22,2.3,-2.43,0.175
2015-2019,0.25,XLE,Sector,Core,-3.0,3,30,0.6,0.01,0.59,66.67,6.74,-6.57,2.61,-3.43,0.172
2015-2019,0.25,IGV,Software,Expanded Addition,-1.5,5,114,0.8,0.42,0.38,62.28,9.42,-9.46,2.71,-2.36,0.161
2015-2019,0.25,SOXX,Semiconductors,Expanded Addition,-3.0,1,37,0.35,0.1,0.25,56.76,4.26,-4.31,1.81,-1.58,0.158
2015-2019,0.25,SOXX,Semiconductors,Expanded Addition,-2.5,5,59,0.86,0.48,0.38,55.93,9.41,-6.41,3.6,-2.62,0.144
2015-2019,0.25,IGV,Software,Expanded Addition,-2.0,5,66,0.84,0.42,0.43,62.12,9.42,-9.46,3.19,-3.01,0.141
2015-2019,0.25,XLY,Sector,Expanded Addition,-1.5,5,65,0.61,0.28,0.33,63.08,8.21,-8.27,2.35,-2.38,0.138
2015-2019,0.25,XLK,Sector,Core,-1.0,5,144,0.67,0.38,0.29,62.5,8.73,-8.68,2.4,-2.2,0.133
2015-2019,0.25,DIA,Broad Index,Core,-1.5,5,58,0.54,0.25,0.29,65.52,6.75,-7.75,1.98,-2.19,0.132
2015-2019,0.25,XLY,Sector,Expanded Addition,-1.5,3,65,0.41,0.17,0.24,56.92,6.56,-7.7,2.23,-2.0,0.123
2015-2019,0.25,QQQ,Broad Index,Core,-1.0,5,148,0.59,0.34,0.25,61.49,7.73,-8.84,2.28,-2.12,0.117
2015-2019,0.25,XLB,Sector,Expanded Addition,-2.0,3,43,0.36,0.1,0.26,58.14,6.35,-5.59,2.33,-2.36,0.112
2015-2019,0.25,QQQ,Broad Index,Core,-2.0,3,54,0.48,0.2,0.27,59.26,7.04,-8.65,2.52,-2.5,0.109
2015-2019,0.25,XLF,Sector,Core,-1.5,3,84,0.35,0.15,0.2,58.33,7.07,-9.18,2.05,-2.03,0.1
2015-2019,0.25,XLI,Sector,Expanded Addition,-1.5,5,73,0.43,0.22,0.21,56.16,7.99,-8.19,2.42,-2.12,0.099
2015-2019,0.25,QQQ,Broad Index,Core,-1.5,3,88,0.4,0.2,0.19,55.68,7.04,-8.65,2.32,-2.01,0.096
2015-2019,0.25,XLF,Sector,Core,-1.0,5,148,0.45,0.24,0.21,62.16,7.41,-6.22,2.06,-2.2,0.095
2015-2019,0.25,SOXX,Semiconductors,Expanded Addition,-2.0,5,86,0.72,0.48,0.24,58.14,9.41,-6.41,3.1,-2.59,0.091
2015-2019,0.25,XLF,Sector,Core,-2.0,3,48,0.37,0.15,0.22,60.42,7.07,-9.18,2.25,-2.5,0.089
2015-2019,0.25,XLP,Sector,Expanded Addition,-1.5,5,41,0.33,0.17,0.16,63.41,3.34,-7.88,1.67,-1.98,0.083
2015-2019,0.25,XLV,Sector,Core,-1.5,5,69,0.39,0.21,0.18,60.87,6.25,-7.27,2.05,-2.19,0.082
2015-2019,0.25,IGV,Software,Expanded Addition,-2.5,3,43,0.47,0.25,0.22,55.81,8.11,-8.84,2.93,-2.64,0.082
2015-2019,0.25,DIA,Broad Index,Core,-1.0,5,111,0.4,0.25,0.15,60.36,6.75,-7.75,1.96,-1.97,0.076
2015-2019,0.25,XLV,Sector,Core,-2.0,3,38,0.29,0.13,0.16,57.89,5.39,-8.36,2.15,-2.27,0.07
2015-2019,0.25,SPY,Broad Index,Core,-1.0,5,104,0.39,0.24,0.15,62.5,6.51,-7.95,1.93,-2.18,0.068
2015-2019,0.25,DIA,Broad Index,Core,-1.5,3,58,0.27,0.15,0.12,60.34,5.43,-8.02,1.82,-2.08,0.058
2015-2019,0.25,XLI,Sector,Expanded Addition,-1.5,3,73,0.24,0.13,0.11,56.16,5.82,-7.7,2.03,-2.06,0.052
2015-2019,0.25,XLV,Sector,Core,-1.0,5,145,0.31,0.21,0.1,62.76,6.25,-8.37,1.74,-2.1,0.049
2015-2019,0.25,IGV,Software,Expanded Addition,-1.0,5,184,0.52,0.42,0.1,57.07,9.42,-9.46,2.57,-2.25,0.046
2015-2019,0.25,XLI,Sector,Expanded Addition,-1.0,5,141,0.28,0.22,0.07,56.74,7.99,-8.19,1.91,-1.85,0.036
2015-2019,0.25,XLP,Sector,Expanded Addition,-1.0,5,95,0.21,0.17,0.04,58.95,5.18,-7.88,1.51,-1.65,0.025
2015-2019,0.25,SOXX,Semiconductors,Expanded Addition,-1.0,5,233,0.53,0.48,0.05,58.37,9.41,-10.46,2.93,-2.84,0.017
2015-2019,0.25,SMH,Semiconductors,Expanded Addition,-1.0,5,238,0.5,0.47,0.03,57.98,9.65,-9.18,2.87,-2.79,0.01
2015-2019,0.25,XLY,Sector,Expanded Addition,-1.0,5,127,0.29,0.28,0.01,59.06,8.21,-8.27,1.97,-2.12,0.007
2015-2019,0.5,QQQ,Broad Index,Core,-2.5,5,33,1.42,0.34,1.08,66.67,7.48,-3.07,2.76,-1.27,0.853
2015-2019,0.5,XLK,Sector,Core,-2.5,5,30,1.38,0.38,1.0,63.33,8.0,-4.94,3.05,-1.51,0.662
2015-2019,0.5,IGV,Software,Expanded Addition,-3.0,5,29,1.62,0.42,1.21,65.52,9.17,-9.71,3.98,-2.84,0.425
2015-2019,0.5,SPY,Broad Index,Core,-2.0,5,30,0.95,0.24,0.71,70.0,6.26,-5.56,2.19,-1.95,0.363
2015-2019,0.5,SMH,Semiconductors,Expanded Addition,-3.0,5,33,1.15,0.47,0.68,60.61,9.4,-4.39,3.29,-2.15,0.314
2015-2019,0.5,XLY,Sector,Expanded Addition,-2.0,5,38,0.88,0.28,0.6,63.16,6.55,-7.91,2.55,-1.97,0.305
2015-2019,0.5,XLB,Sector,Expanded Addition,-2.5,5,25,0.82,0.17,0.65,60.0,8.46,-7.88,3.33,-2.96,0.22
2015-2019,0.5,XLF,Sector,Core,-2.5,5,27,0.76,0.24,0.52,70.37,6.35,-5.51,2.1,-2.43,0.213
2015-2019,0.5,XLE,Sector,Core,-3.0,5,30,0.79,0.02,0.77,60.0,10.05,-8.49,4.02,-4.06,0.19
2015-2019,0.5,XLK,Sector,Core,-2.0,5,50,0.83,0.38,0.45,64.0,8.0,-8.93,2.65,-2.4,0.188
2015-2019,0.5,XLB,Sector,Expanded Addition,-2.0,5,43,0.64,0.17,0.47,58.14,8.46,-7.88,3.01,-2.66,0.178
2015-2019,0.5,IGV,Software,Expanded Addition,-3.0,3,29,0.72,0.25,0.47,62.07,7.86,-9.09,3.04,-3.08,0.154
2015-2019,0.5,QQQ,Broad Index,Core,-2.5,3,33,0.52,0.2,0.32,60.61,6.79,-8.9,2.26,-2.15,0.147
2015-2019,0.5,IGV,Software,Expanded Addition,-2.5,5,43,0.83,0.42,0.42,60.47,9.17,-9.71,3.45,-3.17,0.131
2015-2019,0.5,XLV,Sector,Core,-2.0,5,38,0.46,0.21,0.25,60.53,6.0,-7.14,2.1,-2.07,0.119
2015-2019,0.5,SPY,Broad Index,Core,-1.5,5,56,0.49,0.24,0.25,64.29,6.26,-8.2,2.0,-2.25,0.11
2015-2019,0.5,DIA,Broad Index,Core,-2.0,5,30,0.53,0.25,0.27,63.33,6.5,-8.0,2.25,-2.46,0.11
2015-2019,0.5,SMH,Semiconductors,Expanded Addition,-3.0,1,33,0.28,0.09,0.18,60.61,4.16,-3.58,1.6,-1.77,0.103
2015-2019,0.5,XLI,Sector,Expanded Addition,-2.0,5,38,0.44,0.22,0.22,57.89,7.74,-5.86,2.32,-2.14,0.102
2015-2019,0.5,XLE,Sector,Core,-3.0,3,30,0.35,0.01,0.34,63.33,6.49,-6.82,2.5,-3.37,0.101
2015-2019,0.5,SOXX,Semiconductors,Expanded Addition,-3.0,5,37,0.79,0.48,0.31,59.46,9.16,-6.66,3.43,-3.09,0.099
2015-2019,0.5,XLK,Sector,Core,-1.5,5,93,0.6,0.38,0.22,60.22,8.48,-8.93,2.52,-2.31,0.095
2015-2019,0.5,SPY,Broad Index,Core,-2.0,3,30,0.34,0.14,0.2,56.67,5.22,-8.69,2.24,-2.14,0.091
2015-2019,0.5,XLF,Sector,Core,-2.5,3,27,0.34,0.15,0.19,55.56,6.82,-5.12,2.37,-2.2,0.088
2015-2019,0.5,QQQ,Broad Index,Core,-2.0,5,54,0.54,0.34,0.2,57.41,7.48,-9.09,2.66,-2.32,0.085
2015-2019,0.5,XLF,Sector,Core,-2.0,5,48,0.47,0.24,0.23,64.58,7.16,-6.22,2.19,-2.67,0.085
2015-2019,0.5,XLY,Sector,Expanded Addition,-2.0,3,38,0.34,0.17,0.17,57.89,6.31,-7.95,2.12,-2.11,0.081
2015-2019,0.5,XLF,Sector,Core,-1.5,5,84,0.42,0.24,0.17,64.29,7.16,-6.47,2.09,-2.59,0.067
2015-2019,0.5,QQQ,Broad Index,Core,-1.5,5,88,0.48,0.34,0.14,56.82,7.48,-9.09,2.57,-2.27,0.063
2015-2019,0.5,IGV,Software,Expanded Addition,-2.0,5,66,0.59,0.42,0.18,59.09,9.17,-9.71,3.1,-3.03,0.058
2015-2019,0.5,IGV,Software,Expanded Addition,-1.5,5,114,0.55,0.42,0.13,59.65,9.17,-9.71,2.57,-2.45,0.053
2015-2019,0.5,XLY,Sector,Expanded Addition,-1.5,5,65,0.36,0.28,0.08,55.38,7.96,-8.52,2.41,-2.19,0.036
2015-2019,0.5,XLK,Sector,Core,-1.0,5,144,0.42,0.38,0.04,58.33,8.48,-8.93,2.31,-2.21,0.019
2015-2019,0.5,DIA,Broad Index,Core,-1.5,5,58,0.29,0.25,0.04,60.34,6.5,-8.0,1.89,-2.14,0.018
2015-2019,0.5,QQQ,Broad Index,Core,-2.0,3,54,0.23,0.2,0.02,57.41,6.79,-8.9,2.35,-2.64,0.008
